비트코인 BTC/KRW,"15,494,000원"
이더리움 ETH/KRW,"370,800원"
대시 DASH/KRW,"200,000원"
라이트코인 LTC/KRW,"142,200원"
이더리움 클래식 ETC/KRW,"9,340원"
리플 XRP/KRW,467원
비트코인 캐시 BCH/KRW,"501,000원"
모네로 XMR/KRW,"117,500원"
제트캐시 ZEC/KRW,"138,600원"
퀀텀 QTUM/KRW,"5,720원"
비트코인 골드 BTG/KRW,"32,690원"
이오스 EOS/KRW,"6,990원"
아이콘 ICX/KRW,391원
비체인 VET/KRW,9.27원
트론 TRX/KRW,39.00원
엘프 ELF/KRW,232원
미스릴 MITH/KRW,59.10원
크립토닷컴 MCO/KRW,"7,055원"
오미세고 OMG/KRW,"2,922원"
카이버 네트워크 KNC/KRW,292원
골렘 GNT/KRW,106원
질리카 ZIL/KRW,21.40원
에토스 ETHOS/KRW,222원
텐엑스 PAY/KRW,330원
왁스 WAX/KRW,88.20원
파워렛저 POWR/KRW,129원
루프링 LRC/KRW,92.60원
기프토 GTO/KRW,38.50원
스팀 STEEM/KRW,490원
스트라티스 STRAT/KRW,"1,686원"
제로엑스 ZRX/KRW,343원
어거 REP/KRW,"26,640원"
애터니티 AE/KRW,699원
넴 XEM/KRW,125원
스테이터스네트워크토큰 SNT/KRW,32.60원
에이다 ADA/KRW,114원
파퓰러스 PPT/KRW,"4,033원"
코르텍스 CTXC/KRW,627원
사이버마일즈 CMT/KRW,79.10원
쎄타토큰 THETA/KRW,139원
월튼체인 WTC/KRW,"2,962원"
아이오티체인 ITC/KRW,440원
트루체인 TRUE/KRW,707원
아크블록 ABT/KRW,433원
원루트 네트워크 RNT/KRW,52.00원
플레이코인 PLY/KRW,18.40원
웨이브 WAVES/KRW,"2,873원"
체인링크 LINK/KRW,"4,469원"
엔진코인 ENJ/KRW,141원
프리마스 PST/KRW,174원
솔트 SALT/KRW,268원
레이든네트워크토큰 RDN/KRW,"1,194원"
룸네트워크 LOOM/KRW,112원
피벡스 PIVX/KRW,"2,285원"
아이앤에스 INS/KRW,538원
비트코인 다이아몬드 BCD/KRW,"2,827원"
베잔트 BZNT/KRW,27.00원
스텔라루멘 XLM/KRW,130원
오디세이 OCN/KRW,4.19원
비트코인에스브이 BSV/KRW,"235,000원"
더마이다스터치골드 TMTG/KRW,2.87원
베이직어텐션토큰 BAT/KRW,0
위쇼토큰 WET/KRW,21.40원
버지 XVG/KRW,19.50원
이오스트 IOST/KRW,16.90원
폴리매스 POLY/KRW,95.00원
하이퍼캐시 HC/KRW,"5,260원"
롬 ROM/KRW,0.05원
아모코인 AMO/KRW,0.79원
이더제로 ETZ/KRW,331원
에어론 ARN/KRW,698원
아피스 APIS/KRW,2.13원
메탈 MTL/KRW,"2,869원"
디에이씨씨 DACC/KRW,0.18원
다빈치 DAC/KRW,6.70원
비에이치피 BHP/KRW,"2,062원"
비트토렌트 BTT/KRW,1.88원
에이치닥 HDAC/KRW,37.70원
펀디엑스 NPXS/KRW,0.96원
큐브 AUTO/KRW,2.00원
지엑스체인 GXC/KRW,"2,421원"
오브스 ORBS/KRW,35.50원
밸러토큰 VALOR/KRW,"3,151원"
코넌 CON/KRW,18.30원
앵커 ANKR/KRW,10.80원
믹스마블 MIX/KRW,76.00원
하이콘 NEWHYC/KRW,14.50원
크레드 NEWLBA/KRW,50.80원
